{"cameraMode":{"drawMode":0,"name":"Shaded","section":"Shading Mode"},"sceneLighting":false,"audioPlay":false,"sceneViewState":{"showFog":true,"showMaterialUpdate":false,"showSkybox":true,"showFlares":true,"showImageEffects":true,"showParticleSystems":true},"in2DMode":false,"pivot":{"x":2.761929512023926,"y":0.641304075717926,"z":-27.390071868896486},"rotation":{"x":0.03554266318678856,"y":-0.6949366331100464,"z":0.034425027668476108,"w":0.7173880934715271},"size":0.03126715496182442,"orthographic":false}